experiment,questions,correct,em_percent,anls,seconds_per_question
ocr_qa_baseline,57,13,22.80701754385965,0.2627923976608187,3.151594487333305
donut_before_finetune,57,40,70.17543859649123,0.7738582567529936,1.5254402969999799
donut_after_finetune,57,42,73.6842105263158,0.7947994987468672,1.490688242105283
ocr_qa_downsample50,57,14,24.56140350877193,0.28688197767145135,3.0419165988420995
donut_after_finetune_downsample50,57,41,71.9298245614035,0.7833124477861321,1.4510802903157782
receipt_ocr_qa,40,2,5.0,0.09722222222222224,1.0421759671499786
receipt_ocr_qa:subtotal_price,13,0,0.0,0.05128205128205129,1.0887703050769302
receipt_ocr_qa:tax_price,8,0,0.0,0.06944444444444445,1.1419520078750338
receipt_ocr_qa:total_price,19,2,10.526315789473685,0.14035087719298248,0.9682846661578304
receipt_donut_after_finetune,40,27,67.5,0.7495238095238095,1.5782662204000188
receipt_donut_after_finetune:subtotal_price,13,12,92.3076923076923,0.9230769230769231,1.5773458996153609
receipt_donut_after_finetune:tax_price,8,3,37.5,0.375,1.5803293411250365
receipt_donut_after_finetune:total_price,19,12,63.1578947368421,0.7884711779448622,1.5780272311579353
